DOMAIN,weight_domain
Human Capital,0.453640302705202
Policy,0.20841137879027588
Finance,0.08038040508247814
Culture,0.07988663055213317
Markets,-0.028798579544063306
Supports,-0.1488827033258474
