DOMAIN,weight_domain
Human Capital,0.5552343799778006
Policy,0.1511896677013584
Finance,0.09749197866993434
Culture,0.0
Supports,-0.015250441256251671
Markets,-0.11296684125935069
