DOMAIN,weight_domain
Supports,0.21463380161461978
Human Capital,0.14136659662406983
Culture,0.12212254551197414
Finance,0.05459110437849229
Policy,0.028498582488055514
Markets,-0.012520243044823354
