DOMAIN,weight_domain
Human Capital,0.14835999785833456
Supports,0.10355994909716743
Policy,0.04290280656054344
Culture,0.03939153317056856
Finance,0.011021926604509201
Markets,-0.023237788732924
