DOMAIN,weight_domain
Culture,0.38184488933573896
Supports,0.1489683545456908
Human Capital,0.0026083256717596122
Policy,0.0018178402782724232
Markets,-0.0082330999755581
Finance,-0.014311920205303195
