DOMAIN,weight_domain
Supports,0.2788333159125311
Finance,0.23994428318994304
Culture,0.0991754585155625
Markets,0.09540199240494535
Human Capital,0.002009911479863123
Policy,-0.00012520799879435626
