DOMAIN,weight_domain
Culture,0.48604462129360576
Supports,0.15737845295178454
Human Capital,0.00436888255211706
Policy,-2.4459379020204657e-05
Markets,-0.011084305259329384
Finance,-0.0665452109307531
