DOMAIN,weight_domain
Supports,0.30671360450517837
Culture,0.2254863017762842
Finance,0.17614272183644986
Markets,0.09700748777198487
Policy,0.001175705323602766
Human Capital,0.0003284385220279305
