DOMAIN,Blended Domain Impact (%)
Supports,24.594280474078673
Human Capital,20.361205442945174
Policy,17.39002151804368
Culture,17.194750006807173
Finance,14.16434561205828
Markets,6.295396946067016
