DOMAIN,weight_domain
Supports,0.20983510701404934
Culture,0.20137142120512808
Human Capital,0.19824113854554165
Policy,0.07066049284752797
Finance,-0.0029919444222188014
Markets,-0.018915084603516874
