DOMAIN,weight_domain
Human Capital,0.2365395537421566
Supports,0.12574592386085123
Policy,0.07864101977726301
Culture,0.06709563732560724
Finance,0.01550269668809836
Markets,-0.01601117771164013
