DOMAIN,weight_domain
Policy,0.1687934900392138
Human Capital,0.11115385621786061
Finance,0.08157576824545533
Culture,0.07348901669780508
Markets,-0.03251644467955353
Supports,-0.05563404888771617
