DOMAIN,weight_domain
Finance,0.12816295245312467
Culture,0.12002247171377832
Policy,0.10396195799623399
Human Capital,0.06815063399506162
Markets,-0.02556678871875337
Supports,-0.1378223043748375
