model_target,r2,rmse,n_samples,n_features,alpha_,l1_ratio_
ridge_HG_log_raw,0.9044368259438421,0.6954211076854178,144,67,10.0,
enet_HG_log_raw,0.8883215894954807,0.7517738196464393,144,67,0.12742749857031335,0.1
ridge_HG_per_100k,0.32260387557730097,6.66504665173518,144,67,177.82794100389228,
enet_HG_per_100k,0.3601612621574757,6.477644426195244,144,67,0.5455594781168515,0.9
ridge_HG_Normalized,0.9998474903017022,0.1086417291554234,144,67,0.01778279410038923,
enet_HG_Normalized,0.999818639134292,0.11847309343321126,144,67,0.001,0.1
